Workbook

Sheet Assumptions
A1: Capacity Model Assumptions
A2: Only change cells highlighted in yellow below. Formulas in Capacity sheet reference these assumptions.
A4: HEADCOUNT BY ROLE & TIER
A5: Role | B5: Tier | C5: Current Count | D5: New Hires | E5: First Hire Start Date | F5: Ramp Months
A6: Account Executive | B6: Mid-Market | C6: 5 | D6: 2 | E6: 2026-01-15 | F6: 6
A7: Account Executive | B7: Enterprise | C7: 3 | D7: 1 | E7: 2026-02-01 | F7: 6
A8: SDR | B8: Pipeline Gen | C8: 4 | D8: 1 | E8: 2026-01-15 | F8: 3
A9: Sales Engineer | B9: Support | C9: 2 | D9: 0 | F9: 2
A11: QUOTA & ACV BY TIER
A12: Tier | B12: Annual Quota per Rep (EUR) | C12: Average Contract Value (EUR)
A13: Mid-Market | B13: 850000 | C13: 85000
A14: Enterprise | B14: 1200000 | C14: 250000
A15: Pipeline Gen | B15: 400000
A17: RAMP PROFILE (% of Full Quota per Month)
A18: Month in Ramp | B18: Account Executive % | C18: SDR % | D18: Sales Engineer %
A19: 1 | B19: 0 | C19: 0.2 | D19: 0.5
A20: 2 | B20: 0.25 | C20: 0.6 | D20: 1
A21: 3 | B21: 0.5 | C21: 1
A22: 4 | B22: 0.7
A23: 5 | B23: 0.85
A24: 6 | B24: 1
A26: WORKING CALENDAR
A27: Working weeks per year | B27: 46

Sheet Capacity
A1: Sales Team Monthly Capacity (EUR)
A2: Formulas read ramp profile and quota from Assumptions. Enter rep details above. Monthly totals are computed.
A4: Rep Name | B4: Tier | C4: Start Date | D4: Ramp Months | E4: Jan | F4: Feb | G4: Mar | H4: Apr | I4: May | J4: Jun | K4: Jul | L4: Aug | M4: Sep | N4: Oct | O4: Nov | P4: Dec | Q4: Year Total
A5: Sarah Chen | B5: Mid-Market | C5: 2025-06-01 | D5: 6 | E5: =Assumptions!B12 * (VLOOKUP(Mid-Market, Assumptions!B13:D19, 2, FALSE)) | F5: =Assumptions!B12 * (VLOOKUP(Mid-Market, Assumptions!B13:D19, 3, FALSE)) | G5: =Assumptions!B12 * (VLOOKUP(Mid-Market, Assumptions!B13:D19, 4, FALSE)) | H5: =Assumptions!B12 * (VLOOKUP(Mid-Market, Assumptions!B13:D19, 2, FALSE)) | I5: =Assumptions!B12 * (VLOOKUP(Mid-Market, Assumptions!B13:D19, 3, FALSE)) | J5: =Assumptions!B12 * (VLOOKUP(Mid-Market, Assumptions!B13:D19, 4, FALSE)) | K5: =VLOOKUP(Mid-Market, Assumptions!C7:C9, 2, FALSE) / 12 | L5: =VLOOKUP(Mid-Market, Assumptions!C7:C9, 2, FALSE) / 12 | M5: =VLOOKUP(Mid-Market, Assumptions!C7:C9, 2, FALSE) / 12 | N5: =VLOOKUP(Mid-Market, Assumptions!C7:C9, 2, FALSE) / 12 | O5: =VLOOKUP(Mid-Market, Assumptions!C7:C9, 2, FALSE) / 12 | P5: =VLOOKUP(Mid-Market, Assumptions!C7:C9, 2, FALSE) / 12 | Q5: =SUM(E5:P5)
A6: James North | B6: Mid-Market | C6: 2026-01-15 | D6: 6 | E6: =Assumptions!B12 * (VLOOKUP(Mid-Market, Assumptions!B13:D19, 2, FALSE)) | F6: =Assumptions!B12 * (VLOOKUP(Mid-Market, Assumptions!B13:D19, 3, FALSE)) | G6: =Assumptions!B12 * (VLOOKUP(Mid-Market, Assumptions!B13:D19, 4, FALSE)) | H6: =Assumptions!B12 * (VLOOKUP(Mid-Market, Assumptions!B13:D19, 2, FALSE)) | I6: =Assumptions!B12 * (VLOOKUP(Mid-Market, Assumptions!B13:D19, 3, FALSE)) | J6: =Assumptions!B12 * (VLOOKUP(Mid-Market, Assumptions!B13:D19, 4, FALSE)) | K6: =VLOOKUP(Mid-Market, Assumptions!C7:C9, 2, FALSE) / 12 | L6: =VLOOKUP(Mid-Market, Assumptions!C7:C9, 2, FALSE) / 12 | M6: =VLOOKUP(Mid-Market, Assumptions!C7:C9, 2, FALSE) / 12 | N6: =VLOOKUP(Mid-Market, Assumptions!C7:C9, 2, FALSE) / 12 | O6: =VLOOKUP(Mid-Market, Assumptions!C7:C9, 2, FALSE) / 12 | P6: =VLOOKUP(Mid-Market, Assumptions!C7:C9, 2, FALSE) / 12 | Q6: =SUM(E6:P6)
A7: Maria Silva | B7: Enterprise | C7: 2025-09-01 | D7: 6 | E7: =Assumptions!B12 * (VLOOKUP(Enterprise, Assumptions!B13:D19, 2, FALSE)) | F7: =Assumptions!B12 * (VLOOKUP(Enterprise, Assumptions!B13:D19, 3, FALSE)) | G7: =Assumptions!B12 * (VLOOKUP(Enterprise, Assumptions!B13:D19, 4, FALSE)) | H7: =Assumptions!B12 * (VLOOKUP(Enterprise, Assumptions!B13:D19, 2, FALSE)) | I7: =Assumptions!B12 * (VLOOKUP(Enterprise, Assumptions!B13:D19, 3, FALSE)) | J7: =Assumptions!B12 * (VLOOKUP(Enterprise, Assumptions!B13:D19, 4, FALSE)) | K7: =VLOOKUP(Enterprise, Assumptions!C7:C9, 2, FALSE) / 12 | L7: =VLOOKUP(Enterprise, Assumptions!C7:C9, 2, FALSE) / 12 | M7: =VLOOKUP(Enterprise, Assumptions!C7:C9, 2, FALSE) / 12 | N7: =VLOOKUP(Enterprise, Assumptions!C7:C9, 2, FALSE) / 12 | O7: =VLOOKUP(Enterprise, Assumptions!C7:C9, 2, FALSE) / 12 | P7: =VLOOKUP(Enterprise, Assumptions!C7:C9, 2, FALSE) / 12 | Q7: =SUM(E7:P7)
A8: Alex Khan | B8: Enterprise | C8: 2026-02-01 | D8: 6 | E8: =Assumptions!B12 * (VLOOKUP(Enterprise, Assumptions!B13:D19, 2, FALSE)) | F8: =Assumptions!B12 * (VLOOKUP(Enterprise, Assumptions!B13:D19, 3, FALSE)) | G8: =Assumptions!B12 * (VLOOKUP(Enterprise, Assumptions!B13:D19, 4, FALSE)) | H8: =Assumptions!B12 * (VLOOKUP(Enterprise, Assumptions!B13:D19, 2, FALSE)) | I8: =Assumptions!B12 * (VLOOKUP(Enterprise, Assumptions!B13:D19, 3, FALSE)) | J8: =Assumptions!B12 * (VLOOKUP(Enterprise, Assumptions!B13:D19, 4, FALSE)) | K8: =VLOOKUP(Enterprise, Assumptions!C7:C9, 2, FALSE) / 12 | L8: =VLOOKUP(Enterprise, Assumptions!C7:C9, 2, FALSE) / 12 | M8: =VLOOKUP(Enterprise, Assumptions!C7:C9, 2, FALSE) / 12 | N8: =VLOOKUP(Enterprise, Assumptions!C7:C9, 2, FALSE) / 12 | O8: =VLOOKUP(Enterprise, Assumptions!C7:C9, 2, FALSE) / 12 | P8: =VLOOKUP(Enterprise, Assumptions!C7:C9, 2, FALSE) / 12 | Q8: =SUM(E8:P8)
A9: TOTAL TEAM CAPACITY | E9: =SUM(E5:E8) | F9: =SUM(F5:F8) | G9: =SUM(G5:G8) | H9: =SUM(H5:H8) | I9: =SUM(I5:I8) | J9: =SUM(J5:J8) | K9: =SUM(K5:K8) | L9: =SUM(L5:L8) | ... P9: =SUM(P5:P8) | Q9: =SUM(E9:P9)

Sheet Summary
A1: Capacity Model Summary
A2: Summary metrics computed from Capacity sheet. All values are formulas.
A4: BOTTOMS-UP CAPACITY BY TIER
A5: Tier | B5: Annual Capacity (EUR)
A6: Mid-Market | B6: =SUMIF(Capacity!B:B,"Mid-Market",Capacity!Q:Q)
A7: Enterprise | B7: =SUMIF(Capacity!B:B,"Enterprise",Capacity!Q:Q)
A8: Pipeline Gen | B8: =SUMIF(Capacity!B:B,"Pipeline Gen",Capacity!Q:Q)
A9: TOTAL CAPACITY | B9: =SUM(B5:B7)
A12: KEY ASSUMPTIONS
A13: Working weeks per year | B13: =Assumptions!B12
A14: Mid-Market annual quota | B14: =Assumptions!B7
A15: Enterprise annual quota | B15: =Assumptions!B8
